,gamma,epsilon,c1,c2,k_epoch,actor_lr,critic_lr,episodes,steps,cleaned
0,0.99,0.1,0.5,0.01,40.0,0.0003,0.001,5.0,15.0,38.97435897435897
1,0.99,0.1,0.5,0.01,40.0,0.0003,0.001,5.0,15.0,54.87179487179487
2,0.99,0.1,0.5,0.01,40.0,0.0003,0.001,5.0,15.0,47.179487179487175
3,0.99,0.1,0.5,0.01,40.0,0.0003,0.001,5.0,25.0,48.2051282051282
4,0.99,0.1,0.5,0.01,40.0,0.0003,0.001,5.0,25.0,50.256410256410255
5,0.99,0.1,0.5,0.01,40.0,0.0003,0.001,5.0,25.0,58.46153846153846
6,0.99,0.1,0.5,0.01,40.0,0.0003,0.01,5.0,15.0,55.38461538461538
7,0.99,0.1,0.5,0.01,40.0,0.0003,0.01,5.0,15.0,53.333333333333336
8,0.99,0.1,0.5,0.01,40.0,0.0003,0.01,5.0,15.0,45.64102564102564
9,0.99,0.1,0.5,0.01,40.0,0.0003,0.01,5.0,25.0,45.64102564102564
10,0.99,0.1,0.5,0.01,40.0,0.0003,0.01,5.0,25.0,48.2051282051282
11,0.99,0.1,0.5,0.01,40.0,0.0003,0.01,5.0,25.0,51.7948717948718
12,0.99,0.1,0.5,0.01,40.0,0.001,0.001,5.0,15.0,57.43589743589744
13,0.99,0.1,0.5,0.01,40.0,0.001,0.001,5.0,15.0,70.76923076923077
14,0.99,0.1,0.5,0.01,40.0,0.001,0.001,5.0,15.0,62.05128205128205
15,0.99,0.1,0.5,0.01,40.0,0.001,0.001,5.0,25.0,50.76923076923077
16,0.99,0.1,0.5,0.01,40.0,0.001,0.001,5.0,25.0,59.48717948717949
17,0.99,0.1,0.5,0.01,40.0,0.001,0.001,5.0,25.0,51.7948717948718
18,0.99,0.1,0.5,0.01,40.0,0.001,0.01,5.0,15.0,45.12820512820512
19,0.99,0.1,0.5,0.01,40.0,0.001,0.01,5.0,15.0,41.02564102564102
20,0.99,0.1,0.5,0.01,40.0,0.001,0.01,5.0,15.0,69.74358974358975
21,0.99,0.1,0.5,0.01,40.0,0.001,0.01,5.0,25.0,53.84615384615385
22,0.99,0.1,0.5,0.01,40.0,0.001,0.01,5.0,25.0,56.92307692307692
23,0.99,0.1,0.5,0.01,40.0,0.001,0.01,5.0,25.0,59.48717948717949
24,0.99,0.1,0.5,0.1,40.0,0.0003,0.001,5.0,15.0,62.05128205128205
25,0.99,0.1,0.5,0.1,40.0,0.0003,0.001,5.0,15.0,41.02564102564102
26,0.99,0.1,0.5,0.1,40.0,0.0003,0.001,5.0,15.0,61.53846153846153
27,0.99,0.1,0.5,0.1,40.0,0.0003,0.001,5.0,25.0,42.56410256410257
28,0.99,0.1,0.5,0.1,40.0,0.0003,0.001,5.0,25.0,44.61538461538461
29,0.99,0.1,0.5,0.1,40.0,0.0003,0.001,5.0,25.0,54.87179487179487
30,0.99,0.1,0.5,0.1,40.0,0.0003,0.01,5.0,15.0,41.02564102564102
31,0.99,0.1,0.5,0.1,40.0,0.0003,0.01,5.0,15.0,31.282051282051285
32,0.99,0.1,0.5,0.1,40.0,0.0003,0.01,5.0,15.0,43.58974358974359
33,0.99,0.1,0.5,0.1,40.0,0.0003,0.01,5.0,25.0,48.2051282051282
34,0.99,0.1,0.5,0.1,40.0,0.0003,0.01,5.0,25.0,45.12820512820512
35,0.99,0.1,0.5,0.1,40.0,0.0003,0.01,5.0,25.0,42.56410256410257
36,0.99,0.1,0.5,0.1,40.0,0.001,0.001,5.0,15.0,52.820512820512825
37,0.99,0.1,0.5,0.1,40.0,0.001,0.001,5.0,15.0,22.051282051282044
38,0.99,0.1,0.5,0.1,40.0,0.001,0.001,5.0,15.0,48.2051282051282
39,0.99,0.1,0.5,0.1,40.0,0.001,0.001,5.0,25.0,47.179487179487175
40,0.99,0.1,0.5,0.1,40.0,0.001,0.001,5.0,25.0,51.7948717948718
41,0.99,0.1,0.5,0.1,40.0,0.001,0.001,5.0,25.0,9.743589743589736
42,0.99,0.1,0.5,0.1,40.0,0.001,0.01,5.0,15.0,29.230769230769223
43,0.99,0.1,0.5,0.1,40.0,0.001,0.01,5.0,15.0,31.282051282051285
44,0.99,0.1,0.5,0.1,40.0,0.001,0.01,5.0,15.0,55.8974358974359
45,0.99,0.1,0.5,0.1,40.0,0.001,0.01,5.0,25.0,9.743589743589736
46,0.99,0.1,0.5,0.1,40.0,0.001,0.01,5.0,25.0,56.92307692307692
47,0.99,0.1,0.5,0.1,40.0,0.001,0.01,5.0,25.0,13.333333333333329
48,0.99,0.1,0.1,0.01,40.0,0.0003,0.001,5.0,15.0,50.76923076923077
49,0.99,0.1,0.1,0.01,40.0,0.0003,0.001,5.0,15.0,56.41025641025641
50,0.99,0.1,0.1,0.01,40.0,0.0003,0.001,5.0,15.0,56.92307692307692
51,0.99,0.1,0.1,0.01,40.0,0.0003,0.001,5.0,25.0,61.53846153846153
52,0.99,0.1,0.1,0.01,40.0,0.0003,0.001,5.0,25.0,55.38461538461538
53,0.99,0.1,0.1,0.01,40.0,0.0003,0.001,5.0,25.0,41.02564102564102
54,0.99,0.1,0.1,0.01,40.0,0.0003,0.01,5.0,15.0,48.2051282051282
55,0.99,0.1,0.1,0.01,40.0,0.0003,0.01,5.0,15.0,53.84615384615385
56,0.99,0.1,0.1,0.01,40.0,0.0003,0.01,5.0,15.0,44.61538461538461
57,0.99,0.1,0.1,0.01,40.0,0.0003,0.01,5.0,25.0,47.179487179487175
58,0.99,0.1,0.1,0.01,40.0,0.0003,0.01,5.0,25.0,55.8974358974359
59,0.99,0.1,0.1,0.01,40.0,0.0003,0.01,5.0,25.0,55.8974358974359
60,0.99,0.1,0.1,0.01,40.0,0.001,0.001,5.0,15.0,43.58974358974359
61,0.99,0.1,0.1,0.01,40.0,0.001,0.001,5.0,15.0,44.1025641025641
62,0.99,0.1,0.1,0.01,40.0,0.001,0.001,5.0,15.0,59.48717948717949
63,0.99,0.1,0.1,0.01,40.0,0.001,0.001,5.0,25.0,38.97435897435897
64,0.99,0.1,0.1,0.01,40.0,0.001,0.001,5.0,25.0,50.256410256410255
65,0.99,0.1,0.1,0.01,40.0,0.001,0.001,5.0,25.0,49.23076923076923
66,0.99,0.1,0.1,0.01,40.0,0.001,0.01,5.0,15.0,51.7948717948718
67,0.99,0.1,0.1,0.01,40.0,0.001,0.01,5.0,15.0,58.97435897435898
68,0.99,0.1,0.1,0.01,40.0,0.001,0.01,5.0,15.0,58.46153846153846
69,0.99,0.1,0.1,0.01,40.0,0.001,0.01,5.0,25.0,43.58974358974359
70,0.99,0.1,0.1,0.01,40.0,0.001,0.01,5.0,25.0,49.23076923076923
71,0.99,0.1,0.1,0.01,40.0,0.001,0.01,5.0,25.0,60.0
72,0.99,0.1,0.1,0.1,40.0,0.0003,0.001,5.0,15.0,49.23076923076923
73,0.99,0.1,0.1,0.1,40.0,0.0003,0.001,5.0,15.0,17.948717948717956
74,0.99,0.1,0.1,0.1,40.0,0.0003,0.001,5.0,15.0,41.53846153846153
75,0.99,0.1,0.1,0.1,40.0,0.0003,0.001,5.0,25.0,33.33333333333334
76,0.99,0.1,0.1,0.1,40.0,0.0003,0.001,5.0,25.0,50.256410256410255
77,0.99,0.1,0.1,0.1,40.0,0.0003,0.001,5.0,25.0,38.46153846153846
78,0.99,0.1,0.1,0.1,40.0,0.0003,0.01,5.0,15.0,52.820512820512825
79,0.99,0.1,0.1,0.1,40.0,0.0003,0.01,5.0,15.0,42.56410256410257
80,0.99,0.1,0.1,0.1,40.0,0.0003,0.01,5.0,15.0,48.2051282051282
81,0.99,0.1,0.1,0.1,40.0,0.0003,0.01,5.0,25.0,52.30769230769231
82,0.99,0.1,0.1,0.1,40.0,0.0003,0.01,5.0,25.0,47.179487179487175
83,0.99,0.1,0.1,0.1,40.0,0.0003,0.01,5.0,25.0,21.538461538461533
84,0.99,0.1,0.1,0.1,40.0,0.001,0.001,5.0,15.0,62.56410256410256
85,0.99,0.1,0.1,0.1,40.0,0.001,0.001,5.0,15.0,45.12820512820512
86,0.99,0.1,0.1,0.1,40.0,0.001,0.001,5.0,15.0,26.66666666666667
87,0.99,0.1,0.1,0.1,40.0,0.001,0.001,5.0,25.0,12.820512820512818
88,0.99,0.1,0.1,0.1,40.0,0.001,0.001,5.0,25.0,43.07692307692308
89,0.99,0.1,0.1,0.1,40.0,0.001,0.001,5.0,25.0,31.7948717948718
90,0.99,0.1,0.1,0.1,40.0,0.001,0.01,5.0,15.0,47.692307692307686
91,0.99,0.1,0.1,0.1,40.0,0.001,0.01,5.0,15.0,26.66666666666667
92,0.99,0.1,0.1,0.1,40.0,0.001,0.01,5.0,15.0,49.23076923076923
93,0.99,0.1,0.1,0.1,40.0,0.001,0.01,5.0,25.0,50.256410256410255
94,0.99,0.1,0.1,0.1,40.0,0.001,0.01,5.0,25.0,30.769230769230774
95,0.99,0.1,0.1,0.1,40.0,0.001,0.01,5.0,25.0,18.461538461538467
96,0.99,0.2,0.5,0.01,40.0,0.0003,0.001,5.0,15.0,58.97435897435898
97,0.99,0.2,0.5,0.01,40.0,0.0003,0.001,5.0,15.0,53.84615384615385
98,0.99,0.2,0.5,0.01,40.0,0.0003,0.001,5.0,15.0,62.56410256410256
99,0.99,0.2,0.5,0.01,40.0,0.0003,0.001,5.0,25.0,49.74358974358975
100,0.99,0.2,0.5,0.01,40.0,0.0003,0.001,5.0,25.0,57.43589743589744
101,0.99,0.2,0.5,0.01,40.0,0.0003,0.001,5.0,25.0,38.46153846153846
102,0.99,0.2,0.5,0.01,40.0,0.0003,0.01,5.0,15.0,50.76923076923077
103,0.99,0.2,0.5,0.01,40.0,0.0003,0.01,5.0,15.0,60.51282051282051
104,0.99,0.2,0.5,0.01,40.0,0.0003,0.01,5.0,15.0,55.38461538461538
105,0.99,0.2,0.5,0.01,40.0,0.0003,0.01,5.0,25.0,65.12820512820514
106,0.99,0.2,0.5,0.01,40.0,0.0003,0.01,5.0,25.0,46.15384615384615
107,0.99,0.2,0.5,0.01,40.0,0.0003,0.01,5.0,25.0,52.820512820512825
108,0.99,0.2,0.5,0.01,40.0,0.001,0.001,5.0,15.0,49.74358974358975
109,0.99,0.2,0.5,0.01,40.0,0.001,0.001,5.0,15.0,62.05128205128205
110,0.99,0.2,0.5,0.01,40.0,0.001,0.001,5.0,15.0,47.179487179487175
111,0.99,0.2,0.5,0.01,40.0,0.001,0.001,5.0,25.0,57.43589743589744
112,0.99,0.2,0.5,0.01,40.0,0.001,0.001,5.0,25.0,47.692307692307686
113,0.99,0.2,0.5,0.01,40.0,0.001,0.001,5.0,25.0,63.58974358974359
114,0.99,0.2,0.5,0.01,40.0,0.001,0.01,5.0,15.0,53.333333333333336
115,0.99,0.2,0.5,0.01,40.0,0.001,0.01,5.0,15.0,53.84615384615385
116,0.99,0.2,0.5,0.01,40.0,0.001,0.01,5.0,15.0,53.84615384615385
117,0.99,0.2,0.5,0.01,40.0,0.001,0.01,5.0,25.0,67.17948717948718
118,0.99,0.2,0.5,0.01,40.0,0.001,0.01,5.0,25.0,58.46153846153846
119,0.99,0.2,0.5,0.01,40.0,0.001,0.01,5.0,25.0,55.38461538461538
120,0.99,0.2,0.5,0.1,40.0,0.0003,0.001,5.0,15.0,26.153846153846143
121,0.99,0.2,0.5,0.1,40.0,0.0003,0.001,5.0,15.0,37.43589743589744
122,0.99,0.2,0.5,0.1,40.0,0.0003,0.001,5.0,15.0,41.53846153846153
123,0.99,0.2,0.5,0.1,40.0,0.0003,0.001,5.0,25.0,48.71794871794872
124,0.99,0.2,0.5,0.1,40.0,0.0003,0.001,5.0,25.0,42.56410256410257
125,0.99,0.2,0.5,0.1,40.0,0.0003,0.001,5.0,25.0,46.15384615384615
126,0.99,0.2,0.5,0.1,40.0,0.0003,0.01,5.0,15.0,36.410256410256416
127,0.99,0.2,0.5,0.1,40.0,0.0003,0.01,5.0,15.0,40.0
128,0.99,0.2,0.5,0.1,40.0,0.0003,0.01,5.0,15.0,45.64102564102564
129,0.99,0.2,0.5,0.1,40.0,0.0003,0.01,5.0,25.0,48.2051282051282
130,0.99,0.2,0.5,0.1,40.0,0.0003,0.01,5.0,25.0,40.51282051282051
131,0.99,0.2,0.5,0.1,40.0,0.0003,0.01,5.0,25.0,28.717948717948715
132,0.99,0.2,0.5,0.1,40.0,0.001,0.001,5.0,15.0,39.48717948717949
133,0.99,0.2,0.5,0.1,40.0,0.001,0.001,5.0,15.0,50.256410256410255
134,0.99,0.2,0.5,0.1,40.0,0.001,0.001,5.0,15.0,41.02564102564102
135,0.99,0.2,0.5,0.1,40.0,0.001,0.001,5.0,25.0,23.076923076923062
136,0.99,0.2,0.5,0.1,40.0,0.001,0.001,5.0,25.0,31.282051282051285
137,0.99,0.2,0.5,0.1,40.0,0.001,0.001,5.0,25.0,46.66666666666666
138,0.99,0.2,0.5,0.1,40.0,0.001,0.01,5.0,15.0,52.820512820512825
139,0.99,0.2,0.5,0.1,40.0,0.001,0.01,5.0,15.0,22.051282051282044
140,0.99,0.2,0.5,0.1,40.0,0.001,0.01,5.0,15.0,50.76923076923077
141,0.99,0.2,0.5,0.1,40.0,0.001,0.01,5.0,25.0,44.61538461538461
142,0.99,0.2,0.5,0.1,40.0,0.001,0.01,5.0,25.0,44.1025641025641
143,0.99,0.2,0.5,0.1,40.0,0.001,0.01,5.0,25.0,8.717948717948715
144,0.99,0.2,0.1,0.01,40.0,0.0003,0.001,5.0,15.0,63.07692307692307
145,0.99,0.2,0.1,0.01,40.0,0.0003,0.001,5.0,15.0,58.46153846153846
146,0.99,0.2,0.1,0.01,40.0,0.0003,0.001,5.0,15.0,61.02564102564102
147,0.99,0.2,0.1,0.01,40.0,0.0003,0.001,5.0,25.0,62.05128205128205
148,0.99,0.2,0.1,0.01,40.0,0.0003,0.001,5.0,25.0,48.2051282051282
149,0.99,0.2,0.1,0.01,40.0,0.0003,0.001,5.0,25.0,51.282051282051285
150,0.99,0.2,0.1,0.01,40.0,0.0003,0.01,5.0,15.0,60.0
151,0.99,0.2,0.1,0.01,40.0,0.0003,0.01,5.0,15.0,45.64102564102564
152,0.99,0.2,0.1,0.01,40.0,0.0003,0.01,5.0,15.0,49.23076923076923
153,0.99,0.2,0.1,0.01,40.0,0.0003,0.01,5.0,25.0,47.692307692307686
154,0.99,0.2,0.1,0.01,40.0,0.0003,0.01,5.0,25.0,48.2051282051282
155,0.99,0.2,0.1,0.01,40.0,0.0003,0.01,5.0,25.0,54.87179487179487
156,0.99,0.2,0.1,0.01,40.0,0.001,0.001,5.0,15.0,40.0
157,0.99,0.2,0.1,0.01,40.0,0.001,0.001,5.0,15.0,61.53846153846153
158,0.99,0.2,0.1,0.01,40.0,0.001,0.001,5.0,15.0,52.820512820512825
159,0.99,0.2,0.1,0.01,40.0,0.001,0.001,5.0,25.0,53.84615384615385
160,0.99,0.2,0.1,0.01,40.0,0.001,0.001,5.0,25.0,58.46153846153846
161,0.99,0.2,0.1,0.01,40.0,0.001,0.001,5.0,25.0,48.2051282051282
162,0.99,0.2,0.1,0.01,40.0,0.001,0.01,5.0,15.0,55.38461538461538
163,0.99,0.2,0.1,0.01,40.0,0.001,0.01,5.0,15.0,53.333333333333336
164,0.99,0.2,0.1,0.01,40.0,0.001,0.01,5.0,15.0,68.71794871794872
165,0.99,0.2,0.1,0.01,40.0,0.001,0.01,5.0,25.0,64.1025641025641
166,0.99,0.2,0.1,0.01,40.0,0.001,0.01,5.0,25.0,46.15384615384615
167,0.99,0.2,0.1,0.01,40.0,0.001,0.01,5.0,25.0,52.820512820512825
168,0.99,0.2,0.1,0.1,40.0,0.0003,0.001,5.0,15.0,29.74358974358975
169,0.99,0.2,0.1,0.1,40.0,0.0003,0.001,5.0,15.0,29.230769230769223
170,0.99,0.2,0.1,0.1,40.0,0.0003,0.001,5.0,15.0,57.94871794871795
171,0.99,0.2,0.1,0.1,40.0,0.0003,0.001,5.0,25.0,47.179487179487175
172,0.99,0.2,0.1,0.1,40.0,0.0003,0.001,5.0,25.0,43.58974358974359
173,0.99,0.2,0.1,0.1,40.0,0.0003,0.001,5.0,25.0,47.692307692307686
174,0.99,0.2,0.1,0.1,40.0,0.0003,0.01,5.0,15.0,33.33333333333334
175,0.99,0.2,0.1,0.1,40.0,0.0003,0.01,5.0,15.0,53.84615384615385
176,0.99,0.2,0.1,0.1,40.0,0.0003,0.01,5.0,15.0,32.82051282051283
177,0.99,0.2,0.1,0.1,40.0,0.0003,0.01,5.0,25.0,58.46153846153846
178,0.99,0.2,0.1,0.1,40.0,0.0003,0.01,5.0,25.0,21.025641025641026
179,0.99,0.2,0.1,0.1,40.0,0.0003,0.01,5.0,25.0,49.23076923076923
180,0.99,0.2,0.1,0.1,40.0,0.001,0.001,5.0,15.0,59.48717948717949
181,0.99,0.2,0.1,0.1,40.0,0.001,0.001,5.0,15.0,48.71794871794872
182,0.99,0.2,0.1,0.1,40.0,0.001,0.001,5.0,15.0,31.282051282051285
183,0.99,0.2,0.1,0.1,40.0,0.001,0.001,5.0,25.0,61.02564102564102
184,0.99,0.2,0.1,0.1,40.0,0.001,0.001,5.0,25.0,47.692307692307686
185,0.99,0.2,0.1,0.1,40.0,0.001,0.001,5.0,25.0,36.92307692307693
186,0.99,0.2,0.1,0.1,40.0,0.001,0.01,5.0,15.0,29.74358974358975
187,0.99,0.2,0.1,0.1,40.0,0.001,0.01,5.0,15.0,49.74358974358975
188,0.99,0.2,0.1,0.1,40.0,0.001,0.01,5.0,15.0,44.61538461538461
189,0.99,0.2,0.1,0.1,40.0,0.001,0.01,5.0,25.0,26.66666666666667
190,0.99,0.2,0.1,0.1,40.0,0.001,0.01,5.0,25.0,29.230769230769223
191,0.99,0.2,0.1,0.1,40.0,0.001,0.01,5.0,25.0,42.56410256410257
192,0.99,0.1,0.5,0.01,20.0,0.0003,0.001,5.0,15.0,43.58974358974359
193,0.99,0.1,0.5,0.01,20.0,0.0003,0.001,5.0,15.0,47.692307692307686
194,0.99,0.1,0.5,0.01,20.0,0.0003,0.001,5.0,15.0,61.53846153846153
195,0.99,0.1,0.5,0.01,20.0,0.0003,0.001,5.0,25.0,46.66666666666666
196,0.99,0.1,0.5,0.01,20.0,0.0003,0.001,5.0,25.0,64.61538461538461
197,0.99,0.1,0.5,0.01,20.0,0.0003,0.001,5.0,25.0,55.8974358974359
198,0.99,0.1,0.5,0.01,20.0,0.0003,0.01,5.0,15.0,45.12820512820512
199,0.99,0.1,0.5,0.01,20.0,0.0003,0.01,5.0,15.0,52.30769230769231
200,0.99,0.1,0.5,0.01,20.0,0.0003,0.01,5.0,15.0,50.76923076923077
201,0.99,0.1,0.5,0.01,20.0,0.0003,0.01,5.0,25.0,62.56410256410256
202,0.99,0.1,0.5,0.01,20.0,0.0003,0.01,5.0,25.0,45.12820512820512
203,0.99,0.1,0.5,0.01,20.0,0.0003,0.01,5.0,25.0,52.820512820512825
204,0.99,0.1,0.5,0.01,20.0,0.001,0.001,5.0,15.0,44.1025641025641
205,0.99,0.1,0.5,0.01,20.0,0.001,0.001,5.0,15.0,47.692307692307686
206,0.99,0.1,0.5,0.01,20.0,0.001,0.001,5.0,15.0,51.282051282051285
207,0.99,0.1,0.5,0.01,20.0,0.001,0.001,5.0,25.0,48.71794871794872
208,0.99,0.1,0.5,0.01,20.0,0.001,0.001,5.0,25.0,46.15384615384615
209,0.99,0.1,0.5,0.01,20.0,0.001,0.001,5.0,25.0,45.64102564102564
210,0.99,0.1,0.5,0.01,20.0,0.001,0.01,5.0,15.0,15.384615384615389
211,0.99,0.1,0.5,0.01,20.0,0.001,0.01,5.0,15.0,54.87179487179487
212,0.99,0.1,0.5,0.01,20.0,0.001,0.01,5.0,15.0,54.35897435897436
213,0.99,0.1,0.5,0.01,20.0,0.001,0.01,5.0,25.0,70.25641025641025
214,0.99,0.1,0.5,0.01,20.0,0.001,0.01,5.0,25.0,57.43589743589744
215,0.99,0.1,0.5,0.01,20.0,0.001,0.01,5.0,25.0,50.76923076923077
216,0.99,0.1,0.5,0.1,20.0,0.0003,0.001,5.0,15.0,39.48717948717949
217,0.99,0.1,0.5,0.1,20.0,0.0003,0.001,5.0,15.0,13.333333333333329
218,0.99,0.1,0.5,0.1,20.0,0.0003,0.001,5.0,15.0,49.23076923076923
219,0.99,0.1,0.5,0.1,20.0,0.0003,0.001,5.0,25.0,45.12820512820512
220,0.99,0.1,0.5,0.1,20.0,0.0003,0.001,5.0,25.0,45.12820512820512
221,0.99,0.1,0.5,0.1,20.0,0.0003,0.001,5.0,25.0,53.84615384615385
222,0.99,0.1,0.5,0.1,20.0,0.0003,0.01,5.0,15.0,29.74358974358975
223,0.99,0.1,0.5,0.1,20.0,0.0003,0.01,5.0,15.0,37.43589743589744
224,0.99,0.1,0.5,0.1,20.0,0.0003,0.01,5.0,15.0,11.794871794871796
225,0.99,0.1,0.5,0.1,20.0,0.0003,0.01,5.0,25.0,43.07692307692308
226,0.99,0.1,0.5,0.1,20.0,0.0003,0.01,5.0,25.0,42.56410256410257
227,0.99,0.1,0.5,0.1,20.0,0.0003,0.01,5.0,25.0,46.15384615384615
228,0.99,0.1,0.5,0.1,20.0,0.001,0.001,5.0,15.0,32.82051282051283
229,0.99,0.1,0.5,0.1,20.0,0.001,0.001,5.0,15.0,54.87179487179487
230,0.99,0.1,0.5,0.1,20.0,0.001,0.001,5.0,15.0,64.1025641025641
231,0.99,0.1,0.5,0.1,20.0,0.001,0.001,5.0,25.0,52.820512820512825
232,0.99,0.1,0.5,0.1,20.0,0.001,0.001,5.0,25.0,43.07692307692308
233,0.99,0.1,0.5,0.1,20.0,0.001,0.001,5.0,25.0,46.15384615384615
234,0.99,0.1,0.5,0.1,20.0,0.001,0.01,5.0,15.0,35.38461538461539
235,0.99,0.1,0.5,0.1,20.0,0.001,0.01,5.0,15.0,49.74358974358975
236,0.99,0.1,0.5,0.1,20.0,0.001,0.01,5.0,15.0,43.58974358974359
237,0.99,0.1,0.5,0.1,20.0,0.001,0.01,5.0,25.0,56.41025641025641
238,0.99,0.1,0.5,0.1,20.0,0.001,0.01,5.0,25.0,29.230769230769223
239,0.99,0.1,0.5,0.1,20.0,0.001,0.01,5.0,25.0,50.76923076923077
240,0.99,0.1,0.1,0.01,20.0,0.0003,0.001,5.0,15.0,51.7948717948718
241,0.99,0.1,0.1,0.01,20.0,0.0003,0.001,5.0,15.0,46.15384615384615
242,0.99,0.1,0.1,0.01,20.0,0.0003,0.001,5.0,15.0,42.56410256410257
243,0.99,0.1,0.1,0.01,20.0,0.0003,0.001,5.0,25.0,43.58974358974359
244,0.99,0.1,0.1,0.01,20.0,0.0003,0.001,5.0,25.0,53.333333333333336
245,0.99,0.1,0.1,0.01,20.0,0.0003,0.001,5.0,25.0,49.23076923076923
246,0.99,0.1,0.1,0.01,20.0,0.0003,0.01,5.0,15.0,9.743589743589736
247,0.99,0.1,0.1,0.01,20.0,0.0003,0.01,5.0,15.0,55.8974358974359
248,0.99,0.1,0.1,0.01,20.0,0.0003,0.01,5.0,15.0,62.56410256410256
249,0.99,0.1,0.1,0.01,20.0,0.0003,0.01,5.0,25.0,49.74358974358975
250,0.99,0.1,0.1,0.01,20.0,0.0003,0.01,5.0,25.0,49.23076923076923
251,0.99,0.1,0.1,0.01,20.0,0.0003,0.01,5.0,25.0,41.53846153846153
252,0.99,0.1,0.1,0.01,20.0,0.001,0.001,5.0,15.0,42.05128205128205
253,0.99,0.1,0.1,0.01,20.0,0.001,0.001,5.0,15.0,56.92307692307692
254,0.99,0.1,0.1,0.01,20.0,0.001,0.001,5.0,15.0,56.92307692307692
255,0.99,0.1,0.1,0.01,20.0,0.001,0.001,5.0,25.0,47.179487179487175
256,0.99,0.1,0.1,0.01,20.0,0.001,0.001,5.0,25.0,52.30769230769231
257,0.99,0.1,0.1,0.01,20.0,0.001,0.001,5.0,25.0,55.8974358974359
258,0.99,0.1,0.1,0.01,20.0,0.001,0.01,5.0,15.0,37.94871794871795
259,0.99,0.1,0.1,0.01,20.0,0.001,0.01,5.0,15.0,54.35897435897436
260,0.99,0.1,0.1,0.01,20.0,0.001,0.01,5.0,15.0,61.02564102564102
261,0.99,0.1,0.1,0.01,20.0,0.001,0.01,5.0,25.0,49.23076923076923
262,0.99,0.1,0.1,0.01,20.0,0.001,0.01,5.0,25.0,60.0
263,0.99,0.1,0.1,0.01,20.0,0.001,0.01,5.0,25.0,52.820512820512825
264,0.99,0.1,0.1,0.1,20.0,0.0003,0.001,5.0,15.0,45.64102564102564
265,0.99,0.1,0.1,0.1,20.0,0.0003,0.001,5.0,15.0,32.82051282051283
266,0.99,0.1,0.1,0.1,20.0,0.0003,0.001,5.0,15.0,36.92307692307693
267,0.99,0.1,0.1,0.1,20.0,0.0003,0.001,5.0,25.0,47.692307692307686
268,0.99,0.1,0.1,0.1,20.0,0.0003,0.001,5.0,25.0,46.15384615384615
269,0.99,0.1,0.1,0.1,20.0,0.0003,0.001,5.0,25.0,58.46153846153846
270,0.99,0.1,0.1,0.1,20.0,0.0003,0.01,5.0,15.0,64.61538461538461
271,0.99,0.1,0.1,0.1,20.0,0.0003,0.01,5.0,15.0,46.66666666666666
272,0.99,0.1,0.1,0.1,20.0,0.0003,0.01,5.0,15.0,61.53846153846153
273,0.99,0.1,0.1,0.1,20.0,0.0003,0.01,5.0,25.0,43.07692307692308
274,0.99,0.1,0.1,0.1,20.0,0.0003,0.01,5.0,25.0,58.97435897435898
275,0.99,0.1,0.1,0.1,20.0,0.0003,0.01,5.0,25.0,49.74358974358975
276,0.99,0.1,0.1,0.1,20.0,0.001,0.001,5.0,15.0,46.15384615384615
277,0.99,0.1,0.1,0.1,20.0,0.001,0.001,5.0,15.0,56.41025641025641
278,0.99,0.1,0.1,0.1,20.0,0.001,0.001,5.0,15.0,31.282051282051285
279,0.99,0.1,0.1,0.1,20.0,0.001,0.001,5.0,25.0,45.12820512820512
280,0.99,0.1,0.1,0.1,20.0,0.001,0.001,5.0,25.0,60.0
281,0.99,0.1,0.1,0.1,20.0,0.001,0.001,5.0,25.0,9.743589743589736
282,0.99,0.1,0.1,0.1,20.0,0.001,0.01,5.0,15.0,42.05128205128205
283,0.99,0.1,0.1,0.1,20.0,0.001,0.01,5.0,15.0,35.8974358974359
284,0.99,0.1,0.1,0.1,20.0,0.001,0.01,5.0,15.0,59.48717948717949
285,0.99,0.1,0.1,0.1,20.0,0.001,0.01,5.0,25.0,44.61538461538461
286,0.99,0.1,0.1,0.1,20.0,0.001,0.01,5.0,25.0,52.30769230769231
287,0.99,0.1,0.1,0.1,20.0,0.001,0.01,5.0,25.0,54.35897435897436
288,0.99,0.2,0.5,0.01,20.0,0.0003,0.001,5.0,15.0,63.58974358974359
289,0.99,0.2,0.5,0.01,20.0,0.0003,0.001,5.0,15.0,47.179487179487175
290,0.99,0.2,0.5,0.01,20.0,0.0003,0.001,5.0,15.0,62.05128205128205
291,0.99,0.2,0.5,0.01,20.0,0.0003,0.001,5.0,25.0,58.97435897435898
292,0.99,0.2,0.5,0.01,20.0,0.0003,0.001,5.0,25.0,39.48717948717949
293,0.99,0.2,0.5,0.01,20.0,0.0003,0.001,5.0,25.0,48.71794871794872
294,0.99,0.2,0.5,0.01,20.0,0.0003,0.01,5.0,15.0,55.38461538461538
295,0.99,0.2,0.5,0.01,20.0,0.0003,0.01,5.0,15.0,59.48717948717949
296,0.99,0.2,0.5,0.01,20.0,0.0003,0.01,5.0,15.0,53.84615384615385
297,0.99,0.2,0.5,0.01,20.0,0.0003,0.01,5.0,25.0,44.1025641025641
298,0.99,0.2,0.5,0.01,20.0,0.0003,0.01,5.0,25.0,48.71794871794872
299,0.99,0.2,0.5,0.01,20.0,0.0003,0.01,5.0,25.0,52.820512820512825
300,0.99,0.2,0.5,0.01,20.0,0.001,0.001,5.0,15.0,59.48717948717949
301,0.99,0.2,0.5,0.01,20.0,0.001,0.001,5.0,15.0,61.53846153846153
302,0.99,0.2,0.5,0.01,20.0,0.001,0.001,5.0,15.0,61.02564102564102
303,0.99,0.2,0.5,0.01,20.0,0.001,0.001,5.0,25.0,41.53846153846153
304,0.99,0.2,0.5,0.01,20.0,0.001,0.001,5.0,25.0,64.1025641025641
305,0.99,0.2,0.5,0.01,20.0,0.001,0.001,5.0,25.0,55.38461538461538
306,0.99,0.2,0.5,0.01,20.0,0.001,0.01,5.0,15.0,48.71794871794872
307,0.99,0.2,0.5,0.01,20.0,0.001,0.01,5.0,15.0,57.43589743589744
308,0.99,0.2,0.5,0.01,20.0,0.001,0.01,5.0,15.0,52.30769230769231
309,0.99,0.2,0.5,0.01,20.0,0.001,0.01,5.0,25.0,52.820512820512825
310,0.99,0.2,0.5,0.01,20.0,0.001,0.01,5.0,25.0,53.84615384615385
311,0.99,0.2,0.5,0.01,20.0,0.001,0.01,5.0,25.0,49.23076923076923
312,0.99,0.2,0.5,0.1,20.0,0.0003,0.001,5.0,15.0,47.692307692307686
313,0.99,0.2,0.5,0.1,20.0,0.0003,0.001,5.0,15.0,57.94871794871795
314,0.99,0.2,0.5,0.1,20.0,0.0003,0.001,5.0,15.0,38.46153846153846
315,0.99,0.2,0.5,0.1,20.0,0.0003,0.001,5.0,25.0,50.256410256410255
316,0.99,0.2,0.5,0.1,20.0,0.0003,0.001,5.0,25.0,37.43589743589744
317,0.99,0.2,0.5,0.1,20.0,0.0003,0.001,5.0,25.0,42.56410256410257
318,0.99,0.2,0.5,0.1,20.0,0.0003,0.01,5.0,15.0,42.56410256410257
319,0.99,0.2,0.5,0.1,20.0,0.0003,0.01,5.0,15.0,46.15384615384615
320,0.99,0.2,0.5,0.1,20.0,0.0003,0.01,5.0,15.0,32.82051282051283
321,0.99,0.2,0.5,0.1,20.0,0.0003,0.01,5.0,25.0,53.333333333333336
322,0.99,0.2,0.5,0.1,20.0,0.0003,0.01,5.0,25.0,58.97435897435898
323,0.99,0.2,0.5,0.1,20.0,0.0003,0.01,5.0,25.0,50.256410256410255
324,0.99,0.2,0.5,0.1,20.0,0.001,0.001,5.0,15.0,50.76923076923077
325,0.99,0.2,0.5,0.1,20.0,0.001,0.001,5.0,15.0,53.333333333333336
326,0.99,0.2,0.5,0.1,20.0,0.001,0.001,5.0,15.0,26.153846153846143
327,0.99,0.2,0.5,0.1,20.0,0.001,0.001,5.0,25.0,46.66666666666666
328,0.99,0.2,0.5,0.1,20.0,0.001,0.001,5.0,25.0,67.17948717948718
329,0.99,0.2,0.5,0.1,20.0,0.001,0.001,5.0,25.0,32.30769230769231
330,0.99,0.2,0.5,0.1,20.0,0.001,0.01,5.0,15.0,46.66666666666666
331,0.99,0.2,0.5,0.1,20.0,0.001,0.01,5.0,15.0,48.71794871794872
332,0.99,0.2,0.5,0.1,20.0,0.001,0.01,5.0,15.0,39.48717948717949
333,0.99,0.2,0.5,0.1,20.0,0.001,0.01,5.0,25.0,47.692307692307686
334,0.99,0.2,0.5,0.1,20.0,0.001,0.01,5.0,25.0,45.12820512820512
335,0.99,0.2,0.5,0.1,20.0,0.001,0.01,5.0,25.0,54.35897435897436
336,0.99,0.2,0.1,0.01,20.0,0.0003,0.001,5.0,15.0,61.53846153846153
337,0.99,0.2,0.1,0.01,20.0,0.0003,0.001,5.0,15.0,55.8974358974359
338,0.99,0.2,0.1,0.01,20.0,0.0003,0.001,5.0,15.0,53.84615384615385
339,0.99,0.2,0.1,0.01,20.0,0.0003,0.001,5.0,25.0,60.51282051282051
340,0.99,0.2,0.1,0.01,20.0,0.0003,0.001,5.0,25.0,48.2051282051282
341,0.99,0.2,0.1,0.01,20.0,0.0003,0.001,5.0,25.0,51.7948717948718
342,0.99,0.2,0.1,0.01,20.0,0.0003,0.01,5.0,15.0,44.61538461538461
343,0.99,0.2,0.1,0.01,20.0,0.0003,0.01,5.0,15.0,45.64102564102564
344,0.99,0.2,0.1,0.01,20.0,0.0003,0.01,5.0,15.0,54.87179487179487
345,0.99,0.2,0.1,0.01,20.0,0.0003,0.01,5.0,25.0,53.84615384615385
346,0.99,0.2,0.1,0.01,20.0,0.0003,0.01,5.0,25.0,58.46153846153846
347,0.99,0.2,0.1,0.01,20.0,0.0003,0.01,5.0,25.0,55.38461538461538
348,0.99,0.2,0.1,0.01,20.0,0.001,0.001,5.0,15.0,64.61538461538461
349,0.99,0.2,0.1,0.01,20.0,0.001,0.001,5.0,15.0,45.12820512820512
350,0.99,0.2,0.1,0.01,20.0,0.001,0.001,5.0,15.0,41.53846153846153
351,0.99,0.2,0.1,0.01,20.0,0.001,0.001,5.0,25.0,46.15384615384615
352,0.99,0.2,0.1,0.01,20.0,0.001,0.001,5.0,25.0,47.692307692307686
353,0.99,0.2,0.1,0.01,20.0,0.001,0.001,5.0,25.0,51.7948717948718
354,0.99,0.2,0.1,0.01,20.0,0.001,0.01,5.0,15.0,62.56410256410256
355,0.99,0.2,0.1,0.01,20.0,0.001,0.01,5.0,15.0,50.256410256410255
356,0.99,0.2,0.1,0.01,20.0,0.001,0.01,5.0,15.0,48.2051282051282
357,0.99,0.2,0.1,0.01,20.0,0.001,0.01,5.0,25.0,50.76923076923077
358,0.99,0.2,0.1,0.01,20.0,0.001,0.01,5.0,25.0,57.94871794871795
359,0.99,0.2,0.1,0.01,20.0,0.001,0.01,5.0,25.0,56.41025641025641
360,0.99,0.2,0.1,0.1,20.0,0.0003,0.001,5.0,15.0,57.94871794871795
361,0.99,0.2,0.1,0.1,20.0,0.0003,0.001,5.0,15.0,51.282051282051285
362,0.99,0.2,0.1,0.1,20.0,0.0003,0.001,5.0,15.0,45.64102564102564
363,0.99,0.2,0.1,0.1,20.0,0.0003,0.001,5.0,25.0,47.179487179487175
364,0.99,0.2,0.1,0.1,20.0,0.0003,0.001,5.0,25.0,70.25641025641025
365,0.99,0.2,0.1,0.1,20.0,0.0003,0.001,5.0,25.0,43.07692307692308
366,0.99,0.2,0.1,0.1,20.0,0.0003,0.01,5.0,15.0,63.07692307692307
367,0.99,0.2,0.1,0.1,20.0,0.0003,0.01,5.0,15.0,64.61538461538461
368,0.99,0.2,0.1,0.1,20.0,0.0003,0.01,5.0,15.0,47.179487179487175
369,0.99,0.2,0.1,0.1,20.0,0.0003,0.01,5.0,25.0,48.2051282051282
370,0.99,0.2,0.1,0.1,20.0,0.0003,0.01,5.0,25.0,54.35897435897436
371,0.99,0.2,0.1,0.1,20.0,0.0003,0.01,5.0,25.0,53.333333333333336
372,0.99,0.2,0.1,0.1,20.0,0.001,0.001,5.0,15.0,43.07692307692308
373,0.99,0.2,0.1,0.1,20.0,0.001,0.001,5.0,15.0,50.76923076923077
374,0.99,0.2,0.1,0.1,20.0,0.001,0.001,5.0,15.0,53.333333333333336
375,0.99,0.2,0.1,0.1,20.0,0.001,0.001,5.0,25.0,48.2051282051282
376,0.99,0.2,0.1,0.1,20.0,0.001,0.001,5.0,25.0,67.6923076923077
377,0.99,0.2,0.1,0.1,20.0,0.001,0.001,5.0,25.0,51.7948717948718
378,0.99,0.2,0.1,0.1,20.0,0.001,0.01,5.0,15.0,56.41025641025641
379,0.99,0.2,0.1,0.1,20.0,0.001,0.01,5.0,15.0,43.07692307692308
380,0.99,0.2,0.1,0.1,20.0,0.001,0.01,5.0,15.0,48.71794871794872
381,0.99,0.2,0.1,0.1,20.0,0.001,0.01,5.0,25.0,29.74358974358975
382,0.99,0.2,0.1,0.1,20.0,0.001,0.01,5.0,25.0,46.66666666666666
383,0.99,0.2,0.1,0.1,20.0,0.001,0.01,5.0,25.0,53.84615384615385
384,0.95,0.1,0.5,0.01,20.0,0.0003,0.001,5.0,15.0,49.23076923076923
385,0.95,0.1,0.5,0.01,20.0,0.0003,0.001,5.0,15.0,42.05128205128205
386,0.95,0.1,0.5,0.01,20.0,0.0003,0.001,5.0,15.0,27.179487179487182
387,0.95,0.1,0.5,0.01,20.0,0.0003,0.001,5.0,25.0,43.58974358974359
388,0.95,0.1,0.5,0.01,20.0,0.0003,0.001,5.0,25.0,49.74358974358975
389,0.95,0.1,0.5,0.01,20.0,0.0003,0.001,5.0,25.0,51.282051282051285
390,0.95,0.1,0.5,0.01,20.0,0.0003,0.01,5.0,15.0,46.15384615384615
391,0.95,0.1,0.5,0.01,20.0,0.0003,0.01,5.0,15.0,51.7948717948718
392,0.95,0.1,0.5,0.01,20.0,0.0003,0.01,5.0,15.0,52.820512820512825
393,0.95,0.1,0.5,0.01,20.0,0.0003,0.01,5.0,25.0,49.23076923076923
394,0.95,0.1,0.5,0.01,20.0,0.0003,0.01,5.0,25.0,59.48717948717949
395,0.95,0.1,0.5,0.01,20.0,0.0003,0.01,5.0,25.0,57.43589743589744
396,0.95,0.1,0.5,0.01,20.0,0.001,0.001,5.0,15.0,61.02564102564102
397,0.95,0.1,0.5,0.01,20.0,0.001,0.001,5.0,15.0,62.05128205128205
398,0.95,0.1,0.5,0.01,20.0,0.001,0.001,5.0,15.0,49.23076923076923
399,0.95,0.1,0.5,0.01,20.0,0.001,0.001,5.0,25.0,50.76923076923077
400,0.95,0.1,0.5,0.01,20.0,0.001,0.001,5.0,25.0,42.05128205128205
401,0.95,0.1,0.5,0.01,20.0,0.001,0.001,5.0,25.0,50.256410256410255
402,0.95,0.1,0.5,0.01,20.0,0.001,0.01,5.0,15.0,51.282051282051285
403,0.95,0.1,0.5,0.01,20.0,0.001,0.01,5.0,15.0,58.46153846153846
404,0.95,0.1,0.5,0.01,20.0,0.001,0.01,5.0,15.0,67.6923076923077
405,0.95,0.1,0.5,0.01,20.0,0.001,0.01,5.0,25.0,50.256410256410255
406,0.95,0.1,0.5,0.01,20.0,0.001,0.01,5.0,25.0,52.30769230769231
407,0.95,0.1,0.5,0.01,20.0,0.001,0.01,5.0,25.0,48.71794871794872
408,0.95,0.1,0.5,0.01,40.0,0.0003,0.001,5.0,15.0,61.53846153846153
409,0.95,0.1,0.5,0.01,40.0,0.0003,0.001,5.0,15.0,66.66666666666667
410,0.95,0.1,0.5,0.01,40.0,0.0003,0.001,5.0,15.0,60.51282051282051
411,0.95,0.1,0.5,0.01,40.0,0.0003,0.001,5.0,25.0,54.87179487179487
412,0.95,0.1,0.5,0.01,40.0,0.0003,0.001,5.0,25.0,49.23076923076923
413,0.95,0.1,0.5,0.01,40.0,0.0003,0.001,5.0,25.0,61.53846153846153
414,0.95,0.1,0.5,0.01,40.0,0.0003,0.01,5.0,15.0,60.0
415,0.95,0.1,0.5,0.01,40.0,0.0003,0.01,5.0,15.0,51.7948717948718
416,0.95,0.1,0.5,0.01,40.0,0.0003,0.01,5.0,15.0,66.15384615384616
417,0.95,0.1,0.5,0.01,40.0,0.0003,0.01,5.0,25.0,57.94871794871795
418,0.95,0.1,0.5,0.01,40.0,0.0003,0.01,5.0,25.0,57.94871794871795
419,0.95,0.1,0.5,0.01,40.0,0.0003,0.01,5.0,25.0,49.23076923076923
420,0.95,0.1,0.5,0.01,40.0,0.001,0.001,5.0,15.0,51.7948717948718
421,0.95,0.1,0.5,0.01,40.0,0.001,0.001,5.0,15.0,68.2051282051282
422,0.95,0.1,0.5,0.01,40.0,0.001,0.001,5.0,15.0,63.58974358974359
423,0.95,0.1,0.5,0.01,40.0,0.001,0.001,5.0,25.0,51.282051282051285
424,0.95,0.1,0.5,0.01,40.0,0.001,0.001,5.0,25.0,56.41025641025641
425,0.95,0.1,0.5,0.01,40.0,0.001,0.001,5.0,25.0,55.38461538461538
426,0.95,0.1,0.5,0.01,40.0,0.001,0.01,5.0,15.0,61.53846153846153
427,0.95,0.1,0.5,0.01,40.0,0.001,0.01,5.0,15.0,58.46153846153846
428,0.95,0.1,0.5,0.01,40.0,0.001,0.01,5.0,15.0,53.333333333333336
429,0.95,0.1,0.5,0.01,40.0,0.001,0.01,5.0,25.0,68.2051282051282
430,0.95,0.1,0.5,0.01,40.0,0.001,0.01,5.0,25.0,59.48717948717949
431,0.95,0.1,0.5,0.01,40.0,0.001,0.01,5.0,25.0,51.282051282051285
432,0.95,0.1,0.5,0.1,20.0,0.0003,0.001,5.0,15.0,52.820512820512825
433,0.95,0.1,0.5,0.1,20.0,0.0003,0.001,5.0,15.0,9.743589743589736
434,0.95,0.1,0.5,0.1,20.0,0.0003,0.001,5.0,15.0,55.8974358974359
435,0.95,0.1,0.5,0.1,20.0,0.0003,0.001,5.0,25.0,50.76923076923077
436,0.95,0.1,0.5,0.1,20.0,0.0003,0.001,5.0,25.0,34.358974358974365
437,0.95,0.1,0.5,0.1,20.0,0.0003,0.001,5.0,25.0,51.282051282051285
438,0.95,0.1,0.5,0.1,20.0,0.0003,0.01,5.0,15.0,59.48717948717949
439,0.95,0.1,0.5,0.1,20.0,0.0003,0.01,5.0,15.0,48.2051282051282
440,0.95,0.1,0.5,0.1,20.0,0.0003,0.01,5.0,15.0,54.35897435897436
441,0.95,0.1,0.5,0.1,20.0,0.0003,0.01,5.0,25.0,60.51282051282051
442,0.95,0.1,0.5,0.1,20.0,0.0003,0.01,5.0,25.0,54.35897435897436
443,0.95,0.1,0.5,0.1,20.0,0.0003,0.01,5.0,25.0,44.61538461538461
444,0.95,0.1,0.5,0.1,20.0,0.001,0.001,5.0,15.0,21.538461538461533
445,0.95,0.1,0.5,0.1,20.0,0.001,0.001,5.0,15.0,39.48717948717949
446,0.95,0.1,0.5,0.1,20.0,0.001,0.001,5.0,15.0,29.230769230769223
447,0.95,0.1,0.5,0.1,20.0,0.001,0.001,5.0,25.0,37.94871794871795
448,0.95,0.1,0.5,0.1,20.0,0.001,0.001,5.0,25.0,31.282051282051285
449,0.95,0.1,0.5,0.1,20.0,0.001,0.001,5.0,25.0,49.74358974358975
450,0.95,0.1,0.5,0.1,20.0,0.001,0.01,5.0,15.0,42.05128205128205
451,0.95,0.1,0.5,0.1,20.0,0.001,0.01,5.0,15.0,41.53846153846153
452,0.95,0.1,0.5,0.1,20.0,0.001,0.01,5.0,15.0,27.179487179487182
453,0.95,0.1,0.5,0.1,20.0,0.001,0.01,5.0,25.0,46.66666666666666
454,0.95,0.1,0.5,0.1,20.0,0.001,0.01,5.0,25.0,47.692307692307686
455,0.95,0.1,0.5,0.1,20.0,0.001,0.01,5.0,25.0,39.48717948717949
456,0.95,0.1,0.5,0.1,40.0,0.0003,0.001,5.0,15.0,40.51282051282051
457,0.95,0.1,0.5,0.1,40.0,0.0003,0.001,5.0,15.0,50.256410256410255
458,0.95,0.1,0.5,0.1,40.0,0.0003,0.001,5.0,15.0,44.1025641025641
459,0.95,0.1,0.5,0.1,40.0,0.0003,0.001,5.0,25.0,50.76923076923077
460,0.95,0.1,0.5,0.1,40.0,0.0003,0.001,5.0,25.0,47.692307692307686
461,0.95,0.1,0.5,0.1,40.0,0.0003,0.001,5.0,25.0,40.51282051282051
462,0.95,0.1,0.5,0.1,40.0,0.0003,0.01,5.0,15.0,58.97435897435898
463,0.95,0.1,0.5,0.1,40.0,0.0003,0.01,5.0,15.0,34.87179487179488
464,0.95,0.1,0.5,0.1,40.0,0.0003,0.01,5.0,15.0,41.02564102564102
465,0.95,0.1,0.5,0.1,40.0,0.0003,0.01,5.0,25.0,45.12820512820512
466,0.95,0.1,0.5,0.1,40.0,0.0003,0.01,5.0,25.0,48.71794871794872
467,0.95,0.1,0.5,0.1,40.0,0.0003,0.01,5.0,25.0,26.153846153846143
468,0.95,0.1,0.5,0.1,40.0,0.001,0.001,5.0,15.0,53.84615384615385
469,0.95,0.1,0.5,0.1,40.0,0.001,0.001,5.0,15.0,34.87179487179488
470,0.95,0.1,0.5,0.1,40.0,0.001,0.001,5.0,15.0,46.15384615384615
471,0.95,0.1,0.5,0.1,40.0,0.001,0.001,5.0,25.0,37.43589743589744
472,0.95,0.1,0.5,0.1,40.0,0.001,0.001,5.0,25.0,45.64102564102564
473,0.95,0.1,0.5,0.1,40.0,0.001,0.001,5.0,25.0,31.7948717948718
474,0.95,0.1,0.5,0.1,40.0,0.001,0.01,5.0,15.0,50.76923076923077
475,0.95,0.1,0.5,0.1,40.0,0.001,0.01,5.0,15.0,36.92307692307693
476,0.95,0.1,0.5,0.1,40.0,0.001,0.01,5.0,15.0,50.256410256410255
477,0.95,0.1,0.5,0.1,40.0,0.001,0.01,5.0,25.0,26.66666666666667
478,0.95,0.1,0.5,0.1,40.0,0.001,0.01,5.0,25.0,18.461538461538467
479,0.95,0.1,0.5,0.1,40.0,0.001,0.01,5.0,25.0,26.66666666666667
480,0.95,0.1,0.1,0.01,20.0,0.0003,0.001,5.0,15.0,48.71794871794872
481,0.95,0.1,0.1,0.01,20.0,0.0003,0.001,5.0,15.0,42.56410256410257
482,0.95,0.1,0.1,0.01,20.0,0.0003,0.001,5.0,15.0,56.41025641025641
483,0.95,0.1,0.1,0.01,20.0,0.0003,0.001,5.0,25.0,47.179487179487175
484,0.95,0.1,0.1,0.01,20.0,0.0003,0.001,5.0,25.0,55.38461538461538
485,0.95,0.1,0.1,0.01,20.0,0.0003,0.001,5.0,25.0,60.51282051282051
486,0.95,0.1,0.1,0.01,20.0,0.0003,0.01,5.0,15.0,27.692307692307693
487,0.95,0.1,0.1,0.01,20.0,0.0003,0.01,5.0,15.0,46.15384615384615
488,0.95,0.1,0.1,0.01,20.0,0.0003,0.01,5.0,15.0,50.76923076923077
489,0.95,0.1,0.1,0.01,20.0,0.0003,0.01,5.0,25.0,59.48717948717949
490,0.95,0.1,0.1,0.01,20.0,0.0003,0.01,5.0,25.0,49.23076923076923
491,0.95,0.1,0.1,0.01,20.0,0.0003,0.01,5.0,25.0,53.333333333333336
492,0.95,0.1,0.1,0.01,20.0,0.001,0.001,5.0,15.0,52.820512820512825
493,0.95,0.1,0.1,0.01,20.0,0.001,0.001,5.0,15.0,57.94871794871795
494,0.95,0.1,0.1,0.01,20.0,0.001,0.001,5.0,15.0,51.7948717948718
495,0.95,0.1,0.1,0.01,20.0,0.001,0.001,5.0,25.0,55.8974358974359
496,0.95,0.1,0.1,0.01,20.0,0.001,0.001,5.0,25.0,40.51282051282051
497,0.95,0.1,0.1,0.01,20.0,0.001,0.001,5.0,25.0,49.74358974358975
498,0.95,0.1,0.1,0.01,20.0,0.001,0.01,5.0,15.0,52.30769230769231
499,0.95,0.1,0.1,0.01,20.0,0.001,0.01,5.0,15.0,51.7948717948718
500,0.95,0.1,0.1,0.01,20.0,0.001,0.01,5.0,15.0,55.38461538461538
501,0.95,0.1,0.1,0.01,20.0,0.001,0.01,5.0,25.0,56.92307692307692
502,0.95,0.1,0.1,0.01,20.0,0.001,0.01,5.0,25.0,57.94871794871795
503,0.95,0.1,0.1,0.01,20.0,0.001,0.01,5.0,25.0,51.7948717948718
504,0.95,0.1,0.1,0.01,40.0,0.0003,0.001,5.0,15.0,57.94871794871795
505,0.95,0.1,0.1,0.01,40.0,0.0003,0.001,5.0,15.0,45.12820512820512
506,0.95,0.1,0.1,0.01,40.0,0.0003,0.001,5.0,15.0,53.84615384615385
507,0.95,0.1,0.1,0.01,40.0,0.0003,0.001,5.0,25.0,51.7948717948718
508,0.95,0.1,0.1,0.01,40.0,0.0003,0.001,5.0,25.0,49.23076923076923
509,0.95,0.1,0.1,0.01,40.0,0.0003,0.001,5.0,25.0,68.71794871794872
510,0.95,0.1,0.1,0.01,40.0,0.0003,0.01,5.0,15.0,38.97435897435897
511,0.95,0.1,0.1,0.01,40.0,0.0003,0.01,5.0,15.0,57.43589743589744
512,0.95,0.1,0.1,0.01,40.0,0.0003,0.01,5.0,15.0,55.38461538461538
513,0.95,0.1,0.1,0.01,40.0,0.0003,0.01,5.0,25.0,48.2051282051282
514,0.95,0.1,0.1,0.01,40.0,0.0003,0.01,5.0,25.0,69.74358974358975
515,0.95,0.1,0.1,0.01,40.0,0.0003,0.01,5.0,25.0,55.38461538461538
516,0.95,0.1,0.1,0.01,40.0,0.001,0.001,5.0,15.0,57.94871794871795
517,0.95,0.1,0.1,0.01,40.0,0.001,0.001,5.0,15.0,58.46153846153846
518,0.95,0.1,0.1,0.01,40.0,0.001,0.001,5.0,15.0,50.76923076923077
519,0.95,0.1,0.1,0.01,40.0,0.001,0.001,5.0,25.0,61.02564102564102
520,0.95,0.1,0.1,0.01,40.0,0.001,0.001,5.0,25.0,41.02564102564102
521,0.95,0.1,0.1,0.01,40.0,0.001,0.001,5.0,25.0,56.92307692307692
522,0.95,0.1,0.1,0.01,40.0,0.001,0.01,5.0,15.0,43.58974358974359
523,0.95,0.1,0.1,0.01,40.0,0.001,0.01,5.0,15.0,47.692307692307686
524,0.95,0.1,0.1,0.01,40.0,0.001,0.01,5.0,15.0,66.15384615384616
525,0.95,0.1,0.1,0.01,40.0,0.001,0.01,5.0,25.0,56.92307692307692
526,0.95,0.1,0.1,0.01,40.0,0.001,0.01,5.0,25.0,44.1025641025641
527,0.95,0.1,0.1,0.01,40.0,0.001,0.01,5.0,25.0,43.58974358974359
528,0.95,0.1,0.1,0.1,20.0,0.0003,0.001,5.0,15.0,37.43589743589744
529,0.95,0.1,0.1,0.1,20.0,0.0003,0.001,5.0,15.0,35.8974358974359
530,0.95,0.1,0.1,0.1,20.0,0.0003,0.001,5.0,15.0,33.846153846153854
531,0.95,0.1,0.1,0.1,20.0,0.0003,0.001,5.0,25.0,44.1025641025641
532,0.95,0.1,0.1,0.1,20.0,0.0003,0.001,5.0,25.0,47.692307692307686
533,0.95,0.1,0.1,0.1,20.0,0.0003,0.001,5.0,25.0,46.66666666666666
534,0.95,0.1,0.1,0.1,20.0,0.0003,0.01,5.0,15.0,45.12820512820512
535,0.95,0.1,0.1,0.1,20.0,0.0003,0.01,5.0,15.0,46.66666666666666
536,0.95,0.1,0.1,0.1,20.0,0.0003,0.01,5.0,15.0,50.76923076923077
537,0.95,0.1,0.1,0.1,20.0,0.0003,0.01,5.0,25.0,50.256410256410255
538,0.95,0.1,0.1,0.1,20.0,0.0003,0.01,5.0,25.0,43.07692307692308
539,0.95,0.1,0.1,0.1,20.0,0.0003,0.01,5.0,25.0,29.230769230769223
540,0.95,0.1,0.1,0.1,20.0,0.001,0.001,5.0,15.0,44.61538461538461
541,0.95,0.1,0.1,0.1,20.0,0.001,0.001,5.0,15.0,49.23076923076923
542,0.95,0.1,0.1,0.1,20.0,0.001,0.001,5.0,15.0,48.2051282051282
543,0.95,0.1,0.1,0.1,20.0,0.001,0.001,5.0,25.0,41.02564102564102
544,0.95,0.1,0.1,0.1,20.0,0.001,0.001,5.0,25.0,44.1025641025641
545,0.95,0.1,0.1,0.1,20.0,0.001,0.001,5.0,25.0,44.61538461538461
546,0.95,0.1,0.1,0.1,20.0,0.001,0.01,5.0,15.0,54.35897435897436
547,0.95,0.1,0.1,0.1,20.0,0.001,0.01,5.0,15.0,47.179487179487175
548,0.95,0.1,0.1,0.1,20.0,0.001,0.01,5.0,15.0,35.8974358974359
549,0.95,0.1,0.1,0.1,20.0,0.001,0.01,5.0,25.0,52.820512820512825
550,0.95,0.1,0.1,0.1,20.0,0.001,0.01,5.0,25.0,57.43589743589744
551,0.95,0.1,0.1,0.1,20.0,0.001,0.01,5.0,25.0,44.1025641025641
552,0.95,0.1,0.1,0.1,40.0,0.0003,0.001,5.0,15.0,12.307692307692308
553,0.95,0.1,0.1,0.1,40.0,0.0003,0.001,5.0,15.0,25.128205128205124
554,0.95,0.1,0.1,0.1,40.0,0.0003,0.001,5.0,15.0,49.23076923076923
555,0.95,0.1,0.1,0.1,40.0,0.0003,0.001,5.0,25.0,8.717948717948715
556,0.95,0.1,0.1,0.1,40.0,0.0003,0.001,5.0,25.0,46.66666666666666
557,0.95,0.1,0.1,0.1,40.0,0.0003,0.001,5.0,25.0,43.07692307692308
558,0.95,0.1,0.1,0.1,40.0,0.0003,0.01,5.0,15.0,38.97435897435897
559,0.95,0.1,0.1,0.1,40.0,0.0003,0.01,5.0,15.0,61.53846153846153
560,0.95,0.1,0.1,0.1,40.0,0.0003,0.01,5.0,15.0,47.179487179487175
561,0.95,0.1,0.1,0.1,40.0,0.0003,0.01,5.0,25.0,8.717948717948715
562,0.95,0.1,0.1,0.1,40.0,0.0003,0.01,5.0,25.0,44.1025641025641
563,0.95,0.1,0.1,0.1,40.0,0.0003,0.01,5.0,25.0,45.12820512820512
564,0.95,0.1,0.1,0.1,40.0,0.001,0.001,5.0,15.0,40.0
565,0.95,0.1,0.1,0.1,40.0,0.001,0.001,5.0,15.0,43.58974358974359
566,0.95,0.1,0.1,0.1,40.0,0.001,0.001,5.0,15.0,47.692307692307686
567,0.95,0.1,0.1,0.1,40.0,0.001,0.001,5.0,25.0,28.717948717948715
568,0.95,0.1,0.1,0.1,40.0,0.001,0.001,5.0,25.0,13.333333333333329
569,0.95,0.1,0.1,0.1,40.0,0.001,0.001,5.0,25.0,49.74358974358975
570,0.95,0.1,0.1,0.1,40.0,0.001,0.01,5.0,15.0,18.974358974358974
571,0.95,0.1,0.1,0.1,40.0,0.001,0.01,5.0,15.0,29.230769230769223
572,0.95,0.1,0.1,0.1,40.0,0.001,0.01,5.0,15.0,51.282051282051285
573,0.95,0.1,0.1,0.1,40.0,0.001,0.01,5.0,25.0,50.76923076923077
574,0.95,0.1,0.1,0.1,40.0,0.001,0.01,5.0,25.0,54.87179487179487
575,0.95,0.1,0.1,0.1,40.0,0.001,0.01,5.0,25.0,45.12820512820512
576,0.95,0.2,0.5,0.01,20.0,0.0003,0.001,5.0,15.0,61.53846153846153
577,0.95,0.2,0.5,0.01,20.0,0.0003,0.001,5.0,15.0,55.38461538461538
578,0.95,0.2,0.5,0.01,20.0,0.0003,0.001,5.0,15.0,43.58974358974359
579,0.95,0.2,0.5,0.01,20.0,0.0003,0.001,5.0,25.0,54.35897435897436
580,0.95,0.2,0.5,0.01,20.0,0.0003,0.001,5.0,25.0,56.41025641025641
581,0.95,0.2,0.5,0.01,20.0,0.0003,0.001,5.0,25.0,56.92307692307692
582,0.95,0.2,0.5,0.01,20.0,0.0003,0.01,5.0,15.0,52.30769230769231
583,0.95,0.2,0.5,0.01,20.0,0.0003,0.01,5.0,15.0,46.15384615384615
584,0.95,0.2,0.5,0.01,20.0,0.0003,0.01,5.0,15.0,57.94871794871795
585,0.95,0.2,0.5,0.01,20.0,0.0003,0.01,5.0,25.0,53.333333333333336
586,0.95,0.2,0.5,0.01,20.0,0.0003,0.01,5.0,25.0,51.7948717948718
587,0.95,0.2,0.5,0.01,20.0,0.0003,0.01,5.0,25.0,58.97435897435898
588,0.95,0.2,0.5,0.01,20.0,0.001,0.001,5.0,15.0,47.179487179487175
589,0.95,0.2,0.5,0.01,20.0,0.001,0.001,5.0,15.0,56.41025641025641
590,0.95,0.2,0.5,0.01,20.0,0.001,0.001,5.0,15.0,52.30769230769231
591,0.95,0.2,0.5,0.01,20.0,0.001,0.001,5.0,25.0,54.35897435897436
592,0.95,0.2,0.5,0.01,20.0,0.001,0.001,5.0,25.0,51.7948717948718
593,0.95,0.2,0.5,0.01,20.0,0.001,0.001,5.0,25.0,53.333333333333336
594,0.95,0.2,0.5,0.01,20.0,0.001,0.01,5.0,15.0,56.41025641025641
595,0.95,0.2,0.5,0.01,20.0,0.001,0.01,5.0,15.0,62.56410256410256
596,0.95,0.2,0.5,0.01,20.0,0.001,0.01,5.0,15.0,50.76923076923077
597,0.95,0.2,0.5,0.01,20.0,0.001,0.01,5.0,25.0,42.56410256410257
598,0.95,0.2,0.5,0.01,20.0,0.001,0.01,5.0,25.0,53.84615384615385
599,0.95,0.2,0.5,0.01,20.0,0.001,0.01,5.0,25.0,48.2051282051282
600,0.95,0.2,0.5,0.01,40.0,0.0003,0.001,5.0,15.0,63.07692307692307
601,0.95,0.2,0.5,0.01,40.0,0.0003,0.001,5.0,15.0,26.153846153846143
602,0.95,0.2,0.5,0.01,40.0,0.0003,0.001,5.0,15.0,63.58974358974359
603,0.95,0.2,0.5,0.01,40.0,0.0003,0.001,5.0,25.0,45.64102564102564
604,0.95,0.2,0.5,0.01,40.0,0.0003,0.001,5.0,25.0,59.48717948717949
605,0.95,0.2,0.5,0.01,40.0,0.0003,0.001,5.0,25.0,63.07692307692307
606,0.95,0.2,0.5,0.01,40.0,0.0003,0.01,5.0,15.0,52.30769230769231
607,0.95,0.2,0.5,0.01,40.0,0.0003,0.01,5.0,15.0,63.07692307692307
608,0.95,0.2,0.5,0.01,40.0,0.0003,0.01,5.0,15.0,57.43589743589744
609,0.95,0.2,0.5,0.01,40.0,0.0003,0.01,5.0,25.0,53.333333333333336
610,0.95,0.2,0.5,0.01,40.0,0.0003,0.01,5.0,25.0,60.0
611,0.95,0.2,0.5,0.01,40.0,0.0003,0.01,5.0,25.0,60.0
612,0.95,0.2,0.5,0.01,40.0,0.001,0.001,5.0,15.0,67.6923076923077
613,0.95,0.2,0.5,0.01,40.0,0.001,0.001,5.0,15.0,61.02564102564102
614,0.95,0.2,0.5,0.01,40.0,0.001,0.001,5.0,15.0,61.53846153846153
615,0.95,0.2,0.5,0.01,40.0,0.001,0.001,5.0,25.0,60.51282051282051
616,0.95,0.2,0.5,0.01,40.0,0.001,0.001,5.0,25.0,49.23076923076923
617,0.95,0.2,0.5,0.01,40.0,0.001,0.001,5.0,25.0,51.282051282051285
618,0.95,0.2,0.5,0.01,40.0,0.001,0.01,5.0,15.0,64.1025641025641
619,0.95,0.2,0.5,0.01,40.0,0.001,0.01,5.0,15.0,48.71794871794872
620,0.95,0.2,0.5,0.01,40.0,0.001,0.01,5.0,15.0,67.17948717948718
621,0.95,0.2,0.5,0.01,40.0,0.001,0.01,5.0,25.0,62.05128205128205
622,0.95,0.2,0.5,0.01,40.0,0.001,0.01,5.0,25.0,63.07692307692307
623,0.95,0.2,0.5,0.01,40.0,0.001,0.01,5.0,25.0,52.30769230769231
624,0.95,0.2,0.5,0.1,20.0,0.0003,0.001,5.0,15.0,50.256410256410255
625,0.95,0.2,0.5,0.1,20.0,0.0003,0.001,5.0,15.0,72.3076923076923
626,0.95,0.2,0.5,0.1,20.0,0.0003,0.001,5.0,15.0,46.15384615384615
627,0.95,0.2,0.5,0.1,20.0,0.0003,0.001,5.0,25.0,61.02564102564102
628,0.95,0.2,0.5,0.1,20.0,0.0003,0.001,5.0,25.0,32.30769230769231
629,0.95,0.2,0.5,0.1,20.0,0.0003,0.001,5.0,25.0,40.51282051282051
630,0.95,0.2,0.5,0.1,20.0,0.0003,0.01,5.0,15.0,32.82051282051283
631,0.95,0.2,0.5,0.1,20.0,0.0003,0.01,5.0,15.0,54.35897435897436
632,0.95,0.2,0.5,0.1,20.0,0.0003,0.01,5.0,15.0,60.51282051282051
633,0.95,0.2,0.5,0.1,20.0,0.0003,0.01,5.0,25.0,42.56410256410257
634,0.95,0.2,0.5,0.1,20.0,0.0003,0.01,5.0,25.0,55.38461538461538
635,0.95,0.2,0.5,0.1,20.0,0.0003,0.01,5.0,25.0,63.58974358974359
636,0.95,0.2,0.5,0.1,20.0,0.001,0.001,5.0,15.0,44.1025641025641
637,0.95,0.2,0.5,0.1,20.0,0.001,0.001,5.0,15.0,61.02564102564102
638,0.95,0.2,0.5,0.1,20.0,0.001,0.001,5.0,15.0,54.87179487179487
639,0.95,0.2,0.5,0.1,20.0,0.001,0.001,5.0,25.0,35.8974358974359
640,0.95,0.2,0.5,0.1,20.0,0.001,0.001,5.0,25.0,35.8974358974359
641,0.95,0.2,0.5,0.1,20.0,0.001,0.001,5.0,25.0,40.0
642,0.95,0.2,0.5,0.1,20.0,0.001,0.01,5.0,15.0,48.2051282051282
643,0.95,0.2,0.5,0.1,20.0,0.001,0.01,5.0,15.0,40.51282051282051
644,0.95,0.2,0.5,0.1,20.0,0.001,0.01,5.0,15.0,50.256410256410255
645,0.95,0.2,0.5,0.1,20.0,0.001,0.01,5.0,25.0,34.358974358974365
646,0.95,0.2,0.5,0.1,20.0,0.001,0.01,5.0,25.0,40.0
647,0.95,0.2,0.5,0.1,20.0,0.001,0.01,5.0,25.0,37.94871794871795
648,0.95,0.2,0.5,0.1,40.0,0.0003,0.001,5.0,15.0,32.30769230769231
649,0.95,0.2,0.5,0.1,40.0,0.0003,0.001,5.0,15.0,37.94871794871795
650,0.95,0.2,0.5,0.1,40.0,0.0003,0.001,5.0,15.0,46.66666666666666
651,0.95,0.2,0.5,0.1,40.0,0.0003,0.001,5.0,25.0,60.51282051282051
652,0.95,0.2,0.5,0.1,40.0,0.0003,0.001,5.0,25.0,40.51282051282051
653,0.95,0.2,0.5,0.1,40.0,0.0003,0.001,5.0,25.0,48.71794871794872
654,0.95,0.2,0.5,0.1,40.0,0.0003,0.01,5.0,15.0,62.56410256410256
655,0.95,0.2,0.5,0.1,40.0,0.0003,0.01,5.0,15.0,37.43589743589744
656,0.95,0.2,0.5,0.1,40.0,0.0003,0.01,5.0,15.0,53.84615384615385
657,0.95,0.2,0.5,0.1,40.0,0.0003,0.01,5.0,25.0,57.43589743589744
658,0.95,0.2,0.5,0.1,40.0,0.0003,0.01,5.0,25.0,36.92307692307693
659,0.95,0.2,0.5,0.1,40.0,0.0003,0.01,5.0,25.0,33.846153846153854
660,0.95,0.2,0.5,0.1,40.0,0.001,0.001,5.0,15.0,22.051282051282044
661,0.95,0.2,0.5,0.1,40.0,0.001,0.001,5.0,15.0,49.23076923076923
662,0.95,0.2,0.5,0.1,40.0,0.001,0.001,5.0,15.0,42.05128205128205
663,0.95,0.2,0.5,0.1,40.0,0.001,0.001,5.0,25.0,38.97435897435897
664,0.95,0.2,0.5,0.1,40.0,0.001,0.001,5.0,25.0,50.76923076923077
665,0.95,0.2,0.5,0.1,40.0,0.001,0.001,5.0,25.0,46.15384615384615
666,0.95,0.2,0.5,0.1,40.0,0.001,0.01,5.0,15.0,17.435897435897445
667,0.95,0.2,0.5,0.1,40.0,0.001,0.01,5.0,15.0,35.38461538461539
668,0.95,0.2,0.5,0.1,40.0,0.001,0.01,5.0,15.0,47.692307692307686
669,0.95,0.2,0.5,0.1,40.0,0.001,0.01,5.0,25.0,26.153846153846143
670,0.95,0.2,0.5,0.1,40.0,0.001,0.01,5.0,25.0,58.46153846153846
671,0.95,0.2,0.5,0.1,40.0,0.001,0.01,5.0,25.0,36.92307692307693
672,0.95,0.2,0.1,0.01,20.0,0.0003,0.001,5.0,15.0,56.41025641025641
673,0.95,0.2,0.1,0.01,20.0,0.0003,0.001,5.0,15.0,56.41025641025641
674,0.95,0.2,0.1,0.01,20.0,0.0003,0.001,5.0,15.0,54.87179487179487
675,0.95,0.2,0.1,0.01,20.0,0.0003,0.001,5.0,25.0,68.2051282051282
676,0.95,0.2,0.1,0.01,20.0,0.0003,0.001,5.0,25.0,58.97435897435898
677,0.95,0.2,0.1,0.01,20.0,0.0003,0.001,5.0,25.0,48.71794871794872
678,0.95,0.2,0.1,0.01,20.0,0.0003,0.01,5.0,15.0,54.35897435897436
679,0.95,0.2,0.1,0.01,20.0,0.0003,0.01,5.0,15.0,44.1025641025641
680,0.95,0.2,0.1,0.01,20.0,0.0003,0.01,5.0,15.0,63.58974358974359
681,0.95,0.2,0.1,0.01,20.0,0.0003,0.01,5.0,25.0,57.43589743589744
682,0.95,0.2,0.1,0.01,20.0,0.0003,0.01,5.0,25.0,56.92307692307692
683,0.95,0.2,0.1,0.01,20.0,0.0003,0.01,5.0,25.0,55.8974358974359
684,0.95,0.2,0.1,0.01,20.0,0.001,0.001,5.0,15.0,58.46153846153846
685,0.95,0.2,0.1,0.01,20.0,0.001,0.001,5.0,15.0,53.333333333333336
686,0.95,0.2,0.1,0.01,20.0,0.001,0.001,5.0,15.0,50.256410256410255
687,0.95,0.2,0.1,0.01,20.0,0.001,0.001,5.0,25.0,57.43589743589744
688,0.95,0.2,0.1,0.01,20.0,0.001,0.001,5.0,25.0,55.38461538461538
689,0.95,0.2,0.1,0.01,20.0,0.001,0.001,5.0,25.0,42.05128205128205
690,0.95,0.2,0.1,0.01,20.0,0.001,0.01,5.0,15.0,57.43589743589744
691,0.95,0.2,0.1,0.01,20.0,0.001,0.01,5.0,15.0,61.02564102564102
692,0.95,0.2,0.1,0.01,20.0,0.001,0.01,5.0,15.0,52.820512820512825
693,0.95,0.2,0.1,0.01,20.0,0.001,0.01,5.0,25.0,57.94871794871795
694,0.95,0.2,0.1,0.01,20.0,0.001,0.01,5.0,25.0,46.15384615384615
695,0.95,0.2,0.1,0.01,20.0,0.001,0.01,5.0,25.0,54.87179487179487
696,0.95,0.2,0.1,0.01,40.0,0.0003,0.001,5.0,15.0,62.05128205128205
697,0.95,0.2,0.1,0.01,40.0,0.0003,0.001,5.0,15.0,41.53846153846153
698,0.95,0.2,0.1,0.01,40.0,0.0003,0.001,5.0,15.0,55.8974358974359
699,0.95,0.2,0.1,0.01,40.0,0.0003,0.001,5.0,25.0,48.71794871794872
700,0.95,0.2,0.1,0.01,40.0,0.0003,0.001,5.0,25.0,64.1025641025641
701,0.95,0.2,0.1,0.01,40.0,0.0003,0.001,5.0,25.0,54.87179487179487
702,0.95,0.2,0.1,0.01,40.0,0.0003,0.01,5.0,15.0,57.43589743589744
703,0.95,0.2,0.1,0.01,40.0,0.0003,0.01,5.0,15.0,55.8974358974359
704,0.95,0.2,0.1,0.01,40.0,0.0003,0.01,5.0,15.0,46.66666666666666
705,0.95,0.2,0.1,0.01,40.0,0.0003,0.01,5.0,25.0,49.74358974358975
706,0.95,0.2,0.1,0.01,40.0,0.0003,0.01,5.0,25.0,53.333333333333336
707,0.95,0.2,0.1,0.01,40.0,0.0003,0.01,5.0,25.0,50.76923076923077
708,0.95,0.2,0.1,0.01,40.0,0.001,0.001,5.0,15.0,56.41025641025641
709,0.95,0.2,0.1,0.01,40.0,0.001,0.001,5.0,15.0,54.87179487179487
710,0.95,0.2,0.1,0.01,40.0,0.001,0.001,5.0,15.0,62.56410256410256
711,0.95,0.2,0.1,0.01,40.0,0.001,0.001,5.0,25.0,46.66666666666666
712,0.95,0.2,0.1,0.01,40.0,0.001,0.001,5.0,25.0,48.71794871794872
713,0.95,0.2,0.1,0.01,40.0,0.001,0.001,5.0,25.0,60.51282051282051
714,0.95,0.2,0.1,0.01,40.0,0.001,0.01,5.0,15.0,61.02564102564102
715,0.95,0.2,0.1,0.01,40.0,0.001,0.01,5.0,15.0,51.7948717948718
716,0.95,0.2,0.1,0.01,40.0,0.001,0.01,5.0,15.0,63.07692307692307
717,0.95,0.2,0.1,0.01,40.0,0.001,0.01,5.0,25.0,54.35897435897436
718,0.95,0.2,0.1,0.01,40.0,0.001,0.01,5.0,25.0,61.02564102564102
719,0.95,0.2,0.1,0.01,40.0,0.001,0.01,5.0,25.0,60.0
720,0.95,0.2,0.1,0.1,20.0,0.0003,0.001,5.0,15.0,44.61538461538461
721,0.95,0.2,0.1,0.1,20.0,0.0003,0.001,5.0,15.0,56.92307692307692
722,0.95,0.2,0.1,0.1,20.0,0.0003,0.001,5.0,15.0,27.692307692307693
723,0.95,0.2,0.1,0.1,20.0,0.0003,0.001,5.0,25.0,65.12820512820514
724,0.95,0.2,0.1,0.1,20.0,0.0003,0.001,5.0,25.0,43.07692307692308
725,0.95,0.2,0.1,0.1,20.0,0.0003,0.001,5.0,25.0,47.179487179487175
726,0.95,0.2,0.1,0.1,20.0,0.0003,0.01,5.0,15.0,39.48717948717949
727,0.95,0.2,0.1,0.1,20.0,0.0003,0.01,5.0,15.0,47.179487179487175
728,0.95,0.2,0.1,0.1,20.0,0.0003,0.01,5.0,15.0,48.71794871794872
729,0.95,0.2,0.1,0.1,20.0,0.0003,0.01,5.0,25.0,53.333333333333336
730,0.95,0.2,0.1,0.1,20.0,0.0003,0.01,5.0,25.0,38.46153846153846
731,0.95,0.2,0.1,0.1,20.0,0.0003,0.01,5.0,25.0,33.846153846153854
732,0.95,0.2,0.1,0.1,20.0,0.001,0.001,5.0,15.0,57.94871794871795
733,0.95,0.2,0.1,0.1,20.0,0.001,0.001,5.0,15.0,47.179487179487175
734,0.95,0.2,0.1,0.1,20.0,0.001,0.001,5.0,15.0,48.2051282051282
735,0.95,0.2,0.1,0.1,20.0,0.001,0.001,5.0,25.0,49.74358974358975
736,0.95,0.2,0.1,0.1,20.0,0.001,0.001,5.0,25.0,37.94871794871795
737,0.95,0.2,0.1,0.1,20.0,0.001,0.001,5.0,25.0,44.1025641025641
738,0.95,0.2,0.1,0.1,20.0,0.001,0.01,5.0,15.0,57.43589743589744
739,0.95,0.2,0.1,0.1,20.0,0.001,0.01,5.0,15.0,50.256410256410255
740,0.95,0.2,0.1,0.1,20.0,0.001,0.01,5.0,15.0,42.56410256410257
741,0.95,0.2,0.1,0.1,20.0,0.001,0.01,5.0,25.0,52.30769230769231
742,0.95,0.2,0.1,0.1,20.0,0.001,0.01,5.0,25.0,42.05128205128205
743,0.95,0.2,0.1,0.1,20.0,0.001,0.01,5.0,25.0,48.2051282051282
744,0.95,0.2,0.1,0.1,40.0,0.0003,0.001,5.0,15.0,50.256410256410255
745,0.95,0.2,0.1,0.1,40.0,0.0003,0.001,5.0,15.0,47.692307692307686
746,0.95,0.2,0.1,0.1,40.0,0.0003,0.001,5.0,15.0,43.58974358974359
747,0.95,0.2,0.1,0.1,40.0,0.0003,0.001,5.0,25.0,28.205128205128204
748,0.95,0.2,0.1,0.1,40.0,0.0003,0.001,5.0,25.0,54.35897435897436
749,0.95,0.2,0.1,0.1,40.0,0.0003,0.001,5.0,25.0,43.58974358974359
750,0.95,0.2,0.1,0.1,40.0,0.0003,0.01,5.0,15.0,31.7948717948718
751,0.95,0.2,0.1,0.1,40.0,0.0003,0.01,5.0,15.0,47.692307692307686
752,0.95,0.2,0.1,0.1,40.0,0.0003,0.01,5.0,15.0,51.7948717948718
753,0.95,0.2,0.1,0.1,40.0,0.0003,0.01,5.0,25.0,47.692307692307686
754,0.95,0.2,0.1,0.1,40.0,0.0003,0.01,5.0,25.0,65.12820512820514
755,0.95,0.2,0.1,0.1,40.0,0.0003,0.01,5.0,25.0,60.0
756,0.95,0.2,0.1,0.1,40.0,0.001,0.001,5.0,15.0,57.94871794871795
757,0.95,0.2,0.1,0.1,40.0,0.001,0.001,5.0,15.0,31.7948717948718
758,0.95,0.2,0.1,0.1,40.0,0.001,0.001,5.0,15.0,63.58974358974359
759,0.95,0.2,0.1,0.1,40.0,0.001,0.001,5.0,25.0,52.30769230769231
760,0.95,0.2,0.1,0.1,40.0,0.001,0.001,5.0,25.0,59.48717948717949
761,0.95,0.2,0.1,0.1,40.0,0.001,0.001,5.0,25.0,25.641025641025635
762,0.95,0.2,0.1,0.1,40.0,0.001,0.01,5.0,15.0,42.56410256410257
763,0.95,0.2,0.1,0.1,40.0,0.001,0.01,5.0,15.0,53.84615384615385
764,0.95,0.2,0.1,0.1,40.0,0.001,0.01,5.0,15.0,45.12820512820512
765,0.95,0.2,0.1,0.1,40.0,0.001,0.01,5.0,25.0,28.717948717948715
766,0.95,0.2,0.1,0.1,40.0,0.001,0.01,5.0,25.0,28.717948717948715
767,0.95,0.2,0.1,0.1,40.0,0.001,0.01,5.0,25.0,62.05128205128205
